model,rmse,mae,freeze_thaw_accuracy,max_primary_residual,over_melt_count,overflow_count,gate_vs_const,gate_vs_default
constant_initial,2.5839228454067205,1.9617176209005003,0.7398554752640356,,,,baseline,baseline
default,0.14937350130788926,0.10573691837129533,0.9977765425236242,1.734723475976807e-18,0,0,PASS,baseline
DA(Emiss=0.995),0.15548661686804696,0.11642946488326573,0.9983324068927182,1.734723475976807e-18,0,0,PASS,FAIL — forecast RMSE 0.1555 worse than baseline 0.1494
