{
  "case_id": "storage_active",
  "k0": 3800,
  "window": 120,
  "lead": 480,
  "bg_weight": 0.05,
  "valid_lead": 480,
  "bg_forecast_rmse": 1.344087444929247,
  "da_forecast_rmse": 1.1865530599499923,
  "const_forecast_rmse": 1.5360751264119479,
  "rmse_delta_da_minus_bg": -0.15753438497925476,
  "da_gate_vs_bg": "PASS",
  "da_gate_vs_bg_reasons": [],
  "physics_worse": false,
  "bg_lead_residual": 2.220446049250313e-16,
  "da_lead_residual": 2.220446049250313e-16,
  "bg_lead_diagnostic_steps_rate": 0.0,
  "da_lead_diagnostic_steps_rate": 0.0,
  "bg_lead_over_melt_count": 0,
  "da_lead_over_melt_count": 0,
  "bg_lead_overflow_count": 0,
  "da_lead_overflow_count": 0,
  "bg_window_diagnostic_steps_rate": 0.041666666666666664,
  "da_window_diagnostic_steps_rate": 0.041666666666666664,
  "bg_window_over_melt_count": 0,
  "da_window_over_melt_count": 0,
  "bg_window_overflow_count": 0,
  "da_window_overflow_count": 0,
  "state_correction_dx": [
    0.07779485486600826,
    0.33374430299287694,
    2.381591023591093,
    1.292564491101995
  ],
  "dx_l2": 2.7313249653842457,
  "dx_max_abs": 2.381591023591093
}