{
  "k0": 2000,
  "window": 120,
  "lead": 480,
  "bg_weight": 0.05,
  "valid_lead": 480,
  "bg_forecast_rmse": 0.22101680101688823,
  "da_forecast_rmse": 0.20823168884659027,
  "const_forecast_rmse": 0.9179765577879144,
  "rmse_delta_da_minus_bg": -0.012785112170297958,
  "da_gate_vs_bg": "PASS",
  "physics_worse": false,
  "bg_lead_residual": 0.0,
  "da_lead_residual": 0.0,
  "state_correction_dx": [
    -0.00845009115681211,
    -0.055208117263899355,
    -0.5864119208041804,
    -0.44081255538312886
  ],
  "dx_l2": 0.7357404366330801,
  "dx_max_abs": 0.5864119208041804
}