{
  "k0_first": 1500,
  "n_windows": 4,
  "stride": 600,
  "window": 120,
  "lead": 480,
  "bg_weight": 0.05,
  "n_valid": 4,
  "summary": {
    "n_valid": 4,
    "gate_pass_n": 2,
    "gate_pass_rate": 0.5,
    "all_beat": false,
    "skill_improved_n": 2,
    "skill_improved_rate": 0.5,
    "physics_worse_n": 0,
    "physics_worse_rate": 0.0,
    "state_large_n": 0,
    "mean_delta": 0.02404662890524204,
    "worst_delta": 0.11825639374771402,
    "max_lead_diag_da": 0.03333333333333333,
    "max_residual": 1.734723475976807e-18,
    "residual_clean": true
  },
  "promotion": "REPORT_ONLY",
  "promotion_reasons": [
    "insufficient cases: 1 < 3 (report-only)",
    "does not beat baseline in every window"
  ],
  "windows": [
    {
      "k0": 1500,
      "da_rmse": 0.6430588425657086,
      "bg_rmse": 0.5248024488179945,
      "rmse_delta": 0.11825639374771402,
      "skill_improved": false,
      "gate_pass": false,
      "physics_worse": false,
      "state_large": false,
      "lead_diag_bg": 0.0,
      "lead_diag_da": 0.0,
      "win_diag_bg": 0.0,
      "win_diag_da": 0.0,
      "resid_bg": 0.0,
      "resid_da": 0.0,
      "dx_l2": 1.5265720473411224,
      "dx_max_abs": 1.2867972698648158
    },
    {
      "k0": 2100,
      "da_rmse": 0.23131070507287801,
      "bg_rmse": 0.21130950382522312,
      "rmse_delta": 0.020001201247654893,
      "skill_improved": false,
      "gate_pass": false,
      "physics_worse": false,
      "state_large": false,
      "lead_diag_bg": 0.0,
      "lead_diag_da": 0.0,
      "win_diag_bg": 0.0,
      "win_diag_da": 0.0,
      "resid_bg": 0.0,
      "resid_da": 0.0,
      "dx_l2": 0.7032947210040467,
      "dx_max_abs": 0.5925192296382487
    },
    {
      "k0": 2700,
      "da_rmse": 0.4592527719244114,
      "bg_rmse": 0.46388105109332495,
      "rmse_delta": -0.004628279168913563,
      "skill_improved": true,
      "gate_pass": true,
      "physics_worse": false,
      "state_large": false,
      "lead_diag_bg": 0.0,
      "lead_diag_da": 0.0,
      "win_diag_bg": 0.06666666666666667,
      "win_diag_da": 0.03333333333333333,
      "resid_bg": 0.0,
      "resid_da": 0.0,
      "dx_l2": 0.32561297012825474,
      "dx_max_abs": 0.2660424265629666
    },
    {
      "k0": 3300,
      "da_rmse": 1.1821703020861012,
      "bg_rmse": 1.2196131022915884,
      "rmse_delta": -0.03744280020548718,
      "skill_improved": true,
      "gate_pass": true,
      "physics_worse": false,
      "state_large": false,
      "lead_diag_bg": 0.03333333333333333,
      "lead_diag_da": 0.03333333333333333,
      "win_diag_bg": 0.0,
      "win_diag_da": 0.0,
      "resid_bg": 1.734723475976807e-18,
      "resid_da": 1.734723475976807e-18,
      "dx_l2": 1.2707323120488805,
      "dx_max_abs": 1.0949354157705504
    }
  ]
}